# t_fs,alpha_10,alpha_9_11,alpha_8_12,alpha_7_13,alpha_6_14,alpha_5_15,alpha_4_16,alpha_3_17,alpha_2_18,alpha_1_19
0.000000,1.000000,0.000000,0.000000,0.000000,0.000000,0.000000,0.000000,0.000000,0.000000,0.000000
1.000000,0.986267,0.009304,0.000262,0.000063,0.000009,0.000005,0.000000,0.000000,0.000000,0.000000
2.000000,0.958387,0.028000,0.000987,0.000246,0.000037,0.000020,0.000000,0.000000,0.000000,0.000000
3.000000,0.918381,0.062135,0.002080,0.000540,0.000083,0.000045,0.000000,0.000000,0.000000,0.000000
4.000000,0.854366,0.105000,0.003449,0.000937,0.000148,0.000080,0.000000,0.000000,0.000000,0.000000
5.000000,0.783208,0.144066,0.005000,0.001429,0.000230,0.000125,0.000000,0.000000,0.000000,0.000000
6.000000,0.701602,0.180000,0.007159,0.002006,0.000330,0.000180,0.000000,0.000000,0.000000,0.000000
7.000000,0.619557,0.208885,0.010466,0.002660,0.000448,0.000245,0.000000,0.000000,0.000000,0.000000
8.000000,0.546021,0.235000,0.015000,0.003383,0.000583,0.000320,0.000000,0.000000,0.000000,0.000000
9.000000,0.476552,0.265840,0.023293,0.004166,0.000736,0.000405,0.000000,0.000000,0.000000,0.000000
10.000000,0.413415,0.285000,0.035000,0.005000,0.000905,0.000500,0.000000,0.000000,0.000000,0.000000
11.000000,0.355646,0.287208,0.048962,0.006091,0.001091,0.000605,0.000000,0.000000,0.000000,0.000000
12.000000,0.303049,0.288000,0.065000,0.007644,0.001294,0.000720,0.000000,0.000000,0.000000,0.000000
13.000000,0.254857,0.287470,0.082500,0.009651,0.001513,0.000845,0.000000,0.000000,0.000000,0.000000
14.000000,0.210755,0.286000,0.100000,0.012106,0.001749,0.000980,0.000000,0.000000,0.000000,0.000000
15.000000,0.187130,0.274397,0.116038,0.015000,0.002000,0.001125,0.000000,0.000000,0.000000,0.000000
16.000000,0.171826,0.255000,0.130000,0.019698,0.002405,0.001280,0.000000,0.000000,0.000000,0.000000
17.000000,0.166685,0.235300,0.141571,0.026760,0.003063,0.001445,0.000000,0.000000,0.000000,0.000000
18.000000,0.167706,0.215000,0.150000,0.034973,0.003919,0.001620,0.000000,0.000000,0.000000,0.000000
19.000000,0.169570,0.192833,0.155129,0.043124,0.004917,0.001805,0.000000,0.000000,0.000000,0.000000
20.000000,0.172345,0.180000,0.158000,0.050000,0.006000,0.002000,0.000000,0.000000,0.000000,0.000000
21.000000,0.175846,0.180000,0.159052,0.055622,0.007248,0.002292,0.000000,0.000000,0.000000,0.000000
22.000000,0.176667,0.180000,0.159748,0.060867,0.008774,0.002757,0.000000,0.000000,0.000000,0.000000
23.000000,0.176667,0.180000,0.160000,0.065800,0.010576,0.003375,0.000000,0.000000,0.000000,0.000000
24.000000,0.176667,0.180000,0.158208,0.070489,0.012652,0.004129,0.000000,0.000000,0.000000,0.000000
25.000000,0.174167,0.176500,0.155000,0.075000,0.015000,0.005000,0.000000,0.000000,0.000000,0.000000
26.000000,0.165687,0.170000,0.152050,0.079498,0.018029,0.006247,0.000131,0.000000,0.000000,0.000000
27.000000,0.157239,0.162500,0.148765,0.083960,0.021908,0.008033,0.000474,0.000000,0.000000,0.000000
28.000000,0.149218,0.155000,0.145000,0.088173,0.026272,0.010195,0.000950,0.000000,0.000000,0.000000
29.000000,0.140157,0.148500,0.139747,0.091924,0.030757,0.012572,0.001485,0.000000,0.000000,0.000000
30.000000,0.128274,0.145000,0.135000,0.095000,0.035000,0.015000,0.002000,0.000000,0.000000,0.000000
31.000000,0.114090,0.145000,0.132012,0.097640,0.039000,0.017616,0.002499,0.000123,0.000000,0.000000
32.000000,0.104099,0.145000,0.129289,0.100120,0.043000,0.020568,0.003042,0.000448,0.000000,0.000000
33.000000,0.096015,0.143296,0.127059,0.102280,0.047000,0.023712,0.003634,0.000912,0.000000,0.000000
34.000000,0.090266,0.139370,0.125553,0.103960,0.051000,0.026904,0.004285,0.001451,0.000000,0.000000
35.000000,0.086729,0.135000,0.125000,0.105000,0.055000,0.030000,0.005000,0.002000,0.000000,0.000000
36.000000,0.084188,0.130848,0.125000,0.105635,0.059091,0.033000,0.005803,0.002604,0.000144,0.000000
37.000000,0.082217,0.126030,0.125000,0.106184,0.063274,0.036000,0.006709,0.003331,0.000512,0.000000
38.000000,0.080534,0.120000,0.125000,0.106616,0.067411,0.039000,0.007714,0.004157,0.001008,0.000000
39.000000,0.080000,0.109217,0.125000,0.106899,0.071366,0.042000,0.008812,0.005055,0.001536,0.000000
40.000000,0.080000,0.100000,0.125000,0.107000,0.075000,0.045000,0.010000,0.006000,0.002000,0.000000
41.000000,0.080000,0.096951,0.124417,0.107000,0.078514,0.048096,0.011349,0.007019,0.002387,0.000061
42.000000,0.080000,0.094875,0.122851,0.107000,0.082029,0.051288,0.012889,0.008145,0.002762,0.000224
43.000000,0.080000,0.093322,0.120577,0.107000,0.085286,0.054432,0.014555,0.009361,0.003142,0.000456
44.000000,0.079740,0.091847,0.117869,0.107000,0.088029,0.057384,0.016281,0.010652,0.003549,0.000725
45.000000,0.078178,0.090000,0.115000,0.107000,0.090000,0.060000,0.018000,0.012000,0.004000,0.001000
46.000000,0.076481,0.087635,0.111171,0.106577,0.091480,0.062292,0.019717,0.013425,0.004523,0.001302
47.000000,0.075069,0.085042,0.105943,0.105452,0.092840,0.064395,0.021478,0.014950,0.005114,0.001666
48.000000,0.073657,0.082432,0.100129,0.103839,0.093960,0.066352,0.023281,0.016562,0.005742,0.002078
49.000000,0.072230,0.080015,0.094543,0.101950,0.094720,0.068206,0.025122,0.018250,0.006381,0.002527
50.000000,0.070803,0.078000,0.090000,0.100000,0.095000,0.070000,0.027000,0.020000,0.007000,0.003000
51.000000,0.069473,0.076325,0.086424,0.097602,0.094822,0.071867,0.028933,0.021858,0.007576,0.003509
52.000000,0.068261,0.074777,0.083172,0.094497,0.094347,0.073789,0.030924,0.023840,0.008128,0.004072
53.000000,0.067040,0.073340,0.080208,0.091092,0.093661,0.075577,0.032949,0.025893,0.008692,0.004681
54.000000,0.065694,0.071998,0.077496,0.087791,0.092850,0.077043,0.034983,0.027964,0.009304,0.005326
55.000000,0.064262,0.070733,0.075000,0.085000,0.092000,0.078000,0.037000,0.030000,0.010000,0.006000
56.000000,0.062827,0.069529,0.072646,0.082744,0.090998,0.078618,0.038985,0.032000,0.010840,0.006684
57.000000,0.061346,0.068371,0.070417,0.080712,0.089722,0.079165,0.040954,0.034000,0.011820,0.007390
58.000000,0.060012,0.067241,0.068365,0.078808,0.088247,0.079603,0.042931,0.036000,0.012880,0.008153
59.000000,0.058912,0.066123,0.066542,0.076936,0.086648,0.079894,0.044939,0.038000,0.013960,0.009011
60.000000,0.058000,0.065000,0.065000,0.075000,0.085000,0.080000,0.047000,0.040000,0.015000,0.010000
61.000000,0.057230,0.063864,0.063658,0.072944,0.083226,0.079894,0.049211,0.042056,0.015947,0.011207
62.000000,0.056510,0.062726,0.062401,0.070831,0.081254,0.079603,0.051559,0.044169,0.016840,0.012662
63.000000,0.055836,0.061598,0.061225,0.068746,0.079169,0.079165,0.053902,0.046254,0.017760,0.014314
64.000000,0.055202,0.060492,0.060126,0.066774,0.077056,0.078618,0.056096,0.048226,0.018787,0.016110
65.000000,0.054605,0.059420,0.059103,0.065000,0.075000,0.078000,0.058000,0.050000,0.020000,0.018000
66.000000,0.054039,0.058395,0.058151,0.063359,0.072902,0.077014,0.059724,0.051648,0.021573,0.020050
67.000000,0.053500,0.057428,0.057268,0.061772,0.070705,0.075491,0.061397,0.053247,0.023520,0.022326
68.000000,0.052984,0.056532,0.056450,0.060306,0.068557,0.073661,0.062909,0.054722,0.025680,0.024778
69.000000,0.052485,0.055718,0.055695,0.059027,0.066606,0.071754,0.064148,0.055998,0.027893,0.027353
70.000000,0.052000,0.055000,0.055000,0.058000,0.065000,0.070000,0.065000,0.057000,0.030000,0.030000
71.000000,0.051539,0.054365,0.054365,0.057174,0.063673,0.068383,0.065606,0.057850,0.031971,0.032787
72.000000,0.051112,0.053787,0.053787,0.056443,0.062451,0.066749,0.066152,0.058661,0.033913,0.035760
73.000000,0.050710,0.053255,0.053255,0.055790,0.061323,0.065123,0.066595,0.059347,0.035869,0.038840
74.000000,0.050327,0.052760,0.052760,0.055198,0.060277,0.063532,0.066892,0.059822,0.037884,0.041947
75.000000,0.049956,0.052292,0.052292,0.054651,0.059299,0.062000,0.067000,0.060000,0.040000,0.045000
76.000000,0.049587,0.051840,0.051840,0.054132,0.058377,0.060503,0.066655,0.059869,0.042277,0.048000
77.000000,0.049215,0.051395,0.051395,0.053624,0.057498,0.059021,0.065764,0.059526,0.044693,0.051000
78.000000,0.048831,0.050947,0.050947,0.053111,0.056651,0.057587,0.064545,0.059050,0.047170,0.054000
79.000000,0.048429,0.050485,0.050485,0.052575,0.055822,0.056236,0.063218,0.058515,0.049632,0.057000
80.000000,0.048000,0.050000,0.050000,0.052000,0.055000,0.055000,0.062000,0.058000,0.052000,0.060000
81.000000,0.047540,0.049500,0.049500,0.051400,0.054204,0.053853,0.060870,0.057477,0.054278,0.063096
82.000000,0.047053,0.049000,0.049000,0.050800,0.053457,0.052760,0.059679,0.056886,0.056519,0.066288
83.000000,0.046547,0.048500,0.048500,0.050200,0.052748,0.051740,0.058452,0.056258,0.058721,0.069432
84.000000,0.046027,0.048000,0.048000,0.049600,0.052067,0.050813,0.057217,0.055619,0.060882,0.072384
85.000000,0.045500,0.047500,0.047500,0.049000,0.051404,0.050000,0.056000,0.055000,0.063000,0.075000
86.000000,0.044973,0.047000,0.047000,0.048400,0.050749,0.049296,0.054784,0.054304,0.065078,0.077312
87.000000,0.044453,0.046500,0.046500,0.047800,0.050091,0.048668,0.053553,0.053512,0.067119,0.079457
88.000000,0.043947,0.046000,0.046000,0.047200,0.049420,0.048093,0.052329,0.052768,0.069122,0.081446
89.000000,0.043460,0.045500,0.045500,0.046600,0.048727,0.047545,0.051137,0.052216,0.071083,0.083290
90.000000,0.043000,0.045000,0.045000,0.046000,0.048000,0.047000,0.050000,0.052000,0.073000,0.085000
91.000000,0.042560,0.044500,0.044500,0.045400,0.047248,0.046453,0.048905,0.052003,0.074918,0.086619
92.000000,0.042127,0.044000,0.044000,0.044800,0.046484,0.045913,0.047827,0.052024,0.076841,0.088161
93.000000,0.041703,0.043500,0.043500,0.044200,0.045710,0.045383,0.046766,0.052081,0.078705,0.089593
94.000000,0.041288,0.043000,0.043000,0.043600,0.044925,0.044863,0.045725,0.052192,0.080446,0.090884
95.000000,0.040882,0.042500,0.042500,0.043000,0.044129,0.044353,0.044706,0.052375,0.082000,0.092000
96.000000,0.040485,0.042000,0.042000,0.042400,0.043323,0.043855,0.043710,0.052648,0.083402,0.092988
97.000000,0.040098,0.041500,0.041500,0.041800,0.042507,0.043370,0.042740,0.053029,0.084717,0.093901
98.000000,0.039722,0.041000,0.041000,0.041200,0.041681,0.042898,0.041797,0.053536,0.085931,0.094721
99.000000,0.039356,0.040500,0.040500,0.040600,0.040845,0.042441,0.040883,0.054187,0.087030,0.095427
100.000000,0.039000,0.040000,0.040000,0.040000,0.040000,0.042000,0.040000,0.055000,0.088000,0.096000
